{"cameraMode":{"drawMode":0,"name":"Shaded","section":"Shading Mode"},"sceneLighting":false,"audioPlay":false,"sceneViewState":{"showFog":true,"showMaterialUpdate":true,"showSkybox":true,"showFlares":true,"showImageEffects":true,"showParticleSystems":true},"in2DMode":false,"pivot":{"x":-3.7067604064941408,"y":-2.194061756134033,"z":-4.07662296295166},"rotation":{"x":-0.08938253670930863,"y":0.9018006324768066,"z":-0.22528843581676484,"w":-0.35778698325157168},"size":10.0,"orthographic":false}